name,variant_type,disease_association,size,orientation,junction_start,junction_end,repeats,microhomology,detection_method,three_prime_primer,five_prime_primer
ADLD_dup_1,Duplication,ADLD,277929,Tandem,126965629,126966115,,Insertion of "GCAC","acGH, QT-PCR, MLPA",AGGCTTCCATTTCTTGAGCA,ATAATAAGGCCGGGCACAGT
ADLD_dup_2,Duplication,ADLD,203432,Tandem,126736375,126939807,,Microhomology of "T","acGH, QT-PCR, or MLPA",GAGGGTTGACAAAAGGTCCAG,TCACGAGATCAAGAGATCCAGA
ADLD_dup_3,Duplication,ADLD,189731,,126742343,126932074,,"AC homology, A deleted and T substituted with C","acGH, QT-PCR, or MLPA",ATTGGGTGGGAATAGTCAACTG,AGTGGTCACAGTATGCCATGAG
ADLD_dup_4,Duplication,ADLD,150283,,126763901,126914184,Yes,AluY-AluY-at both ends- high degree of homology,"acGH, QT-PCR, or MLPA",GGGGCAAGTCAAGTAAGTTTTG,AGTCTCCACCATATTTGATGCT
ADLD_dup_5,Duplication,ADLD,238941/238946,,126683195,126922141,,AAGGGA homolgy,"acGH, QT-PCR, or MLPA",AGGTTGCCACTGGTAAGTGATT,AACACTAGGACCCACTCCGATA
ADLD_dup_6,Triplication,ADLD,169456;13456/169456;13458/169456;13459,,126761184;126908791/126761184;126895137/126761184;126895138,126930640;126908791/126930640;126908793/126930640;126908794,,"Microhomology of 'CT', 146 bp Homology of LINE element","acGH, QT-PCR, or MLPA",,
ADLD_dup_7,Triplication,ADLD,169456/13457,,126096876;126230828,126266332;126244484,,"Microhomology of 'CT', 146 bp Homology of LINE element","acGH, QT-PCR, or MLPA",,
ADLD_dup_8,Duplication,ADLD,169456,,126761184,126930640,,Homology of 146 bases in LINE element LIP3A3 Family L1,,,
ADLD_dup_9,Duplication,ADLD,340785,,126667591,127008376,,AC homology,"acGH, QT-PCR, or MLPA",,
ADLD_dup_10,Duplication,ADLD,203842,,126705616,126909458,,Insertion of CTAGTG,"acGH, QT-PCR, or MLPA",,
ADLD_dup_11,Duplication,ADLD,228672,,126686881,126915553,,GG homology,"acGH, QT-PCR, or MLPA",,
ADLD_dup_12,Duplication,ADLD,229243,,126766751,126995994,,Microhomolgy of GA,"acGH, QT-PCR, or MLPA",,
ADLD_dup_13,Duplication,ADLD,277929,,126687731,126965660,,,,,
ADLD_dup_14,Duplication,ADLD,118354,,126775269,126893623,,CTGAG,,,
ADLD_dup_15,Duplication,ADLD,210309/209417,126716533/126717465,126926882/126926881,,Microhomology of "C",aCGH,CAGCTGCTTATCAACAGGAGAG,TCACGAGGTCAGGAGATCAA
ADLD_dup_16,Duplication,ADLD,121997/121996,126743135,126865131,,,,,
LN_dup_1,Large Duplication,Autonomic Disorder,1031351,,125918128,126949480,,C insertion,,,
ADLD_dup_17,Duplication,ADLD,169457,,126761184,126930402,,,,,
ADLD_del_1,Deletion,ADLD,672515,,126016772,126689287,Yes,"10bp LINE homology at centromeric repeat, LINE (LIMC5 telomeric repeat, no microhomoly at junction)","custom aCGH, short read NGS",,
LN_dup_2,Large Duplication,Developmental Delay,4365976/4366000,,122477418/122477254,126843396/126843256,,GATGAAAAAGAGCCTAAACGCTATC,Junction PCR,,
LN_dup_3,Large Duplication,Developmental Delay,,4360564,122478988,126839551,,GCCGGAATTTAATTTTTGGAGTTTTATTTAATGTCGGGAGCAGATTGGG,Junction PCR,,
LN_dup_4,Large Duplication,Developmental Delay,4366065,,122476520,126842588,,,,,
LN_dup_5,Large Duplication,No ADLD,4.37 Mb,,123141560,127507564,,49 bp homology,aCGH,,
ADLD_del_2,Deletion,ADLD,660 kb,,126050112,126707361,,,aCGH,,
ADLD_del_3,Deletion,ADLD,609 kb,,126156719,126765604,Yes,"AluSg7 centromeric repeat, AluSP telomeric repeat, 26bo junction microhomology",custom aCGH,,
ADLD_del_4,Deletion,ADLD,608833,,126156745,126765578,,,,,
LN_dup_6,Large Duplication,ADLD,466623,,126512007,126978629,,,Short read NGS,,
ADLD_del_5,Deletion,ADLD,250 kb,,126522203,126772687,Yes,"Alujr centromeric repeat, AluSP telomeric repeat, no microhomology at junctions",custom aCGH,,
ADLD_dup_18,Duplication,ADLD,1.03 Mb,,126582436,127613788,,C-insertion,aCGH,,
ADLD_dup_19,Duplication,ADLD,275347,,126637847,126913193,,Microhomology of "GC","Short read NGS, Junction PCR",,
ADLD_dup_20,Duplication,ADLD,340785,,126695490,127036275,Yes,"AluJb repeat ~600 bp from the N1-C1 junction region, duplication junction at centromeric end fell within simple tandem repeat ACAAAGTACCTTCTTAAGGGTGGGGGAGAATATT repeated 10.7x",,,
ADLD_dup_21,Duplication,ADLD,191200,,126698430,126889630,,Microhomology of "ACCAT","aCGH, Junction PCR",,
ADLD_dup_22,Duplication,ADLD,324675,,126705102,127029777,,Insertion of "ATGTTTGTATTT","acGH, QT-PCR, or MLPA",,
ADLD_dup_23,Duplication,ADLD,234020,,126713540,126947560,,Insertion of TAGCTAAGTTA,"acGH, QT-PCR, or MLPA",,
ADLD_dup_24,Duplication,ADLD,148085,,126718880,126866965,,Microhomolgy of "CAG","acGH, QT-PCR, or MLPA",,
ADLD_dup_25,Duplication,ADLD,153769,,126732318,126886087,,Microhomoly of "AA","acGH, QT-PCR, or MLPA",,
ADLD_dup_26,Duplication,ADLD,127608,,126736453,126864061,,Microhomolygy of "GCTG","acGH, QT-PCR, or MLPA",,
ADLD_dup_27,Duplication,ADLD,315 kb,,126739243,127054568,,,acGH,,
ADLD_dup_28,Duplication,ADLD,149703,,126753827,126903529,,Tel>inv cent: TCT. Inv Cent>cent: TTTTTGTATTTTTAGTAGAGATGGGG,,,
ADLD_dup_29,Duplication,ADLD,275.54 kb,,126763765,126913191,,,Next-generation whole-exome sequencing and optimal genome mapping,,
ADLD_dup_30,Duplication,ADLD,156734,,126766199,126922932,,Microhomology of "CA","Short read or long read NGS, Junction PCR",,
ADLD_dup_31,Duplication,ADLD,169455,,126789083,126958538,Yes,AluY repeat ~60 bp from N1-C1 junction,,,
ADLD_dup_32,Duplication,ADLD,235 kb,,126789900,127025020,,,aCGH,,
ADLD_dup_33,Duplication,ADLD,59651 bp,,126805047,126864688,,,Multiplex ligand-dependent probe amplification,,
ADLD_dup_34,Duplication,ADLD,466 kb,,127176315,127642937,,AG,aCGH,,
